symptoms	gold sentences	generated sentences
fever	Fever? You have the flu?	How long has it been? Have you had a fever?
fever,bloating,reflux,hiccup,vomit	Do you have other symptoms such as abdominal distension, vomiting, hiccups, pantothenic acid, and fever?	How many times a day do you have to take a shit? Is there a fever, a burp, or something?
gastrointestinal disorders	Considering this is some intestinal dysfunction, which has little to do with gastritis!	What's wrong with it? It's supposed to be an intestinal disorder.
fever,bloating,vomit,hiccup	Do you have other symptoms such as bloating, vomiting, hiccups, fever, etc.?	What are the symptoms of hiccup fever? Is there any other symptoms?
blood in stool	Do you usually have blood in your stool? What color is the discharged blood? Is it mixed with stool?	How many times a day do you have to take a shit?
perianal pain	Is there pain in the anus? Bright red blood?	How long has it been? Is it a pain in the stomach?
hemorrhoid	It may be internal hemorrhoids. You go to the hospital and have the doctor examine you.	What are the symptoms of hemorrhoids?
diarrhea,stomach ache	Sorry, just saw it, how is it now? After diarrhea, the symptoms of abdominal pain may be relieved, so you can drink more hot water. You can buy medicines at pharmacies during the day. You can take belladonna, gentamicin and procaine granules orally for treatment, and eat more light and digestible foods, such as millet oatmeal and egg custard. Avoid spicy and greasy food, quit smoking and alcohol.	How long has it been? Is there a stomach ache?
black stool,blood in stool	Are there black stools and blood in the stool?	How many times a day do you have to take a shit?
diarrhea	You have diarrhea because of bad stomach eating?	How many times a day do you have a diarrhea?
gastrointestinal discomfort	You may have poor gastrointestinal motility.	How long has this been going on? Does it hurt in the stomach?
bloating,exhaust	Do you usually have bloating? Is there much exhaust?	How long has this been going on? Is it bloated, or is it exhausting?
reflux	First deal with reflux gastritis.	What's the cause of the gastrointestinal inflammation?
hemorrhoid,blood in stool	Bleeding after defecation is more common in hemorrhoids. It is recommended to see anorectal specialist.	What are the symptoms of hemorrhoids? Is the shit normal?
bloating,stomach ache	Um, abdominal pain and bloating?	How long has this been going on? Is the stomach ache?
sore throat,cough	Do you have a cough or sore throat?	How many times a day do you have to take a shit? Have you coughed?
heartburn,reflux	What medicine have you used? Is there any acid reflux heartburn?	How long has it been? Have you had a heart attack?
hiccup,reflux	Stool several times a day. There is no acid reflux hiccups.	What's the cause of the hiccup?
diarrhea,reflux,vomit,nausea,stomach ache	Do you have acid reflux, nausea, vomiting, epigastric pain, and diarrhea?	Are there any other symptoms of stomach ache, diarrhea, etc.?
stomach ache	Duodenitis may cause pain in the upper abdomen.	How long has this been going on? Have you had a stomach ache?
gastrointestinal disorders,exhaust,stomach ache	From your description, there are occasional abdominal pain, excessive farts, and irregular diet. My preliminary judgment is gastrointestinal dysfunction. You can take Taxi and Jin Huangdi by mouth to see the effect.	What's wrong with the stomach? Is there a stomach ache?
indigestion	That's not enough. You must pay attention to your diet. Eat a light diet, eat less raw, cold and spicy food, and eat less food that is not easy to digest, because it can stimulate the gastric mucosa and cause symptoms. You can eat some fruits and vegetables appropriately.	How long has this been going on? Is it indigestion?
fatigue	Oh, is there any fatigue or discomfort in normal times?	How long has it been? Have you had a bad diet?
nausea,vomit	Is the nausea and vomiting strong? Can the medicine be taken orally?	How many times a day do you have to take a shit? Have you had a diarrhea?
nausea,reflux,bloating,hiccup	Hello, do you have acid reflux, nausea, belching, or bloating?	How many times a day do you have to take a shit? Is there any nausea, vomiting, hiccups?
perianal pain,hemorrhoid,blood in stool	Anal fissure is mainly caused by severe pain in the anus during and after the stool is relieved. Hemorrhoids are mainly caused by bright red blood attached to the surface of the stool.	Are there any other symptoms, such as hemorrhoids, vomiting, etc.?
heartburn	Ah, feel heartburn? How long it has been?	How long has it been? Have you had a heart attack?
chest pain,cough	Hello, how long have you had chest pain? Do you have a cough?	What's wrong with your chest? Have you coughed?
palpitations,fever,stomach ache	How is the bowel movement? Do you have abdominal pain? Is there any fever? Is there any panic?	What's wrong with your stomach? Is there a stomach ache?
hiccup,reflux,bloating,weight loss	Hiccups, acid, water, and abdominal distension? How much weight has dropped. How about your appetite.	What are the symptoms of hiccup, bloating, weight loss, etc.?
cramps	Reduce gastrointestinal motility! Used in cases of spasm.	How many times a day do you have to take a shit?
bowel	Sect and Peeking can be taken during lactation to stop diarrhea and repair the gastrointestinal mucosa without affecting breastfeeding.	What's wrong with the intestine?
helicobacter infection	Helicobacter pylori infection?	What's wrong with the phantom snails?
reflux,hiccup,heartburn,vomit,nausea	Is the pain a bout or a constant pain? Are there other discomforts? Such as nausea, vomiting, acid reflux, belching, hiccups, heartburn, etc.	Are there any other symptoms of hiccup, nausea, vomiting, etc.? Have you ever had a stomach disease?
nausea,hiccup	Then you have had stomach problems before, and now you have pain in your heart's mouth again, accompanied by hiccups and nausea. Do you have any stomach medicine at home now?	What are the symptoms of hiccup?
fever,stomach ache	Do you have abdominal pain or fever?	Are there any symptoms of stomach ache or fever?
stomachache,bloating,hiccup,vomit,nausea	Are there any hiccups, bloating or stomach pain, nausea and vomiting?	Are there any other symptoms of stomach pain, such as bloating, hiccup, etc.?
hematemesis,fever,vomit,reflux	Excuse me, do you have fever, acid reflux, vomiting, etc.? Are there any symptoms of hematemesis?	What are the symptoms of hepatitis? Have you ever had a fever, vomiting, etc.?
gastrointestinal disorders,vomit	Yes! Consider gastric mucosal damage caused by vomiting. At present, it is more likely to be caused by gastritis or gastrointestinal dysfunction!	What's wrong with the gastrointestinal disorders?
reflux,heartburn,stomach ache	Do you have abdominal pain? Is there any acid reflux heartburn?	What are the symptoms of stomach ache? Is the shit normal?
vomit	Observe first! Vomiting is obvious, don't eat for the time being!	How long has this been going on? Have you got a bad stomach?
exhaust	Is the pain constant? Not much fart.	How many times a day do you have to take a shit?
bloating	Stomach distension is more common in gastritis and lack of gastric motility. It is recommended to take some stomach-protective and gastrointestinal motility drugs, such as omeprazole, risperidone or mosapride tablets for symptomatic treatment, and a light diet, every meal It is enough to eat 70% to 80% full, so as not to increase the burden of gastrointestinal digestion and aggravate symptoms.	How many times a day do you have to take a shit?
reflux,bloating,hiccup	There is no acid reflux hiccups. Is there any bloating?	How many times a day do you have to take a shit? Have you had a stomach attack?
indigestion,reflux	Your symptom description considers chronic gastritis, gastroesophageal reflux, gastric insufficiency and indigestion.	How long has this been going on? Indigestion? Reflux?
bloating,reflux	You should pay attention to the diet, eat small meals and eat soft foods; chew slowly and avoid overeating; pay attention to avoiding mouth, do not eat cold, hot, hard, spicy, or sticky foods, avoid smoking and alcohol, Drink less strong tea and coffee and eat spicy, overheated and rough foods. Eat fewer foods that are prone to flatulence, such as potatoes, sweet potatoes, onions, boiled soybeans, etc.; those with bile reflux should eat more lean meat, poultry, and fish. , Milk and other high-protein and low-fat diets; avoid taking drugs that are irritating to the stomach (such as sodium salicylate, indomethacin, phenylbutazone, aspirin, etc.); relieve mental tension, maintain optimism, and improve immunity Function and enhance disease resistance; pay attention to the combination of work and rest, and exercise properly. Eat foods that invigorate the spleen and stomach, such as yam, lotus seeds, soybeans, grains, lentils, coin seed, hawthorn, banana, jujube, chestnut and pig lean meat, beef, chicken, milk, soy products, etc.	How long has it been? Is it bloated?
loose stool	Stool every few days? Is it watery or bad?	How many times a day do you take a shit?
sputum,fever,cough	It's not like, pneumonia has fever, cough and sputum.	What are the symptoms of spleen, cough, etc.?
black stool,stomachache	You need to stay dark and go to the hospital for a laboratory test. Hang up and eliminate within. Is the stomach okay? Do you have long-term stomach pain?	How many times a day do you have to take a shit? Does it hurt?
black stool	No black poop.	How many times a day do you have to take a shit?
headache	Do you have gastrointestinal symptoms first and then headache symptoms? Is there anybody aches?	How long has this been going on? Have you had a headache?
weight loss	If there is no weight loss, consider functional bowel disease. Have you had any stress or irregular work and rest recently?	How long has this been going on? Does it hurt?
dysbacteriosis	According to your description of the condition and related symptoms, consider the imbalance of intestinal flora and lack of gastric motility.	What's the cause of the gastrointestinal disorder?
gastrointestinal discomfort,exhaust	Now, apart from farting a lot, is it uncomfortable in the stomach?	How long has this been going on? Does it hurt in the stomach?
fever,stomachache	Omeprazole is for stomach pain! Take the above two medicines for a few days! It's fine! There is no fever.	What's the cause of the shit? Is it fever, stomachache?
stomachache	After the blood routine is normal, if there is still stomach pain, omeprazole can be taken orally to inhibit gastric acid secretion and relieve symptoms.	What's the cause of the stomach ache?
diarrhea,fever	There was no fever for diarrhea in the first few days, right?	How many times a day do you have to take a shit?
diarrhea,cramps	Most of these cases are intestinal spasms caused by intestinal inflammation. Have you taken medicine for diarrhea in the past two days?	How many times a day do you have to take a shit?
blood in stool,stomach ache	Is there any case of abdominal pain and blood in the stool?	How many times a day do you have to take a shit? Do you have a stomach ache?
bloating,reflux,hiccup,nausea,stomach ache	Do you have frequent acid reflux, hiccups and nausea? Do you have abdominal distension and abdominal pain? Is the stool smooth?	What's the cause of the stomach ache? Is the shit normal?
nausea,bloating,stomachache	Is the stomach painful? Do you want to vomit?	Are there any symptoms of stomach ache, nausea, vomiting?
gastrointestinal discomfort,bloating	Drugs can be taken with ginseng spleen pills and lactic acid bacteria tablets to adjust the intestinal function. If the stomach discomfort due to bloating is combined, they can be treated together.	How long has this been going on? Does it hurt in the stomach?
diarrhea,heartburn,reflux	Is there any acid reflux heartburn? Constipate? Diarrhea?	How many times a day do you have to take a shit? Have you had a fever, diarrhea, diarrhea?
nausea,fever,vomit	Do you have a fever? Do you have nausea and vomiting? Which side is the painful part?	What are the symptoms of gastrointestinal inflammation? What are you talking about? Is it nausea, vomiting, etc.
dehydration	Severe cases cause dehydration, electrolyte disturbances, and black borders that require laboratory tests to rule out gastrointestinal bleeding. Test stool.	What's the cause of the dehydration?
sticky stool	Does the stool have mucus foam? Did you have difficulty defecation when you had a bowel movement in the morning?	How many times a day do you have to take a shit? Is it sticky?
bloating,stomachache	Faisal anal plugs are effective. If stomach pain and flatulence are not serious, it is recommended to try Faisal anal plugs first, and take medicine in no hurry.	How long has this been going on? How many times a day do you have a stomachache?
diarrhea,bloating,reflux,vomit,heartburn,nausea,stomach ache	Are there specific symptoms, such as abdominal pain, bloating, diarrhea, nausea, vomiting, heartburn, acid reflux.	Are there any other symptoms of stomach ache, nausea, vomiting, diarrhea, etc.?
diarrhea,nausea,vomit,stomach ache	Do you usually have symptoms of nausea, vomiting, abdominal pain, and diarrhea?	Are there any other symptoms? Diarrhea, stomach ache, etc.
bacterial infections	Take your individual temperature. If your body temperature exceeds 38 degrees Celsius, it is recommended that you go to the hospital for blood tests and routine stool tests. If it indicates bacterial infection, you need to re-infusion and anti-infective treatment.	What's wrong with the bacterial infection?
fever,loose stool,bloating,stomach ache	Hello, do you have a fever? Do you have abdominal pain and bloating? Is it watery? Do you have a cold in your abdomen?	How many times a day do you have to take a shit? Do you have a stomach ache?
anorexia	You need to drink plenty of water, and you can take some antipyretic acetaminophen.	What's wrong with anorexia?
diarrhea,bowel	Stomach growling is a sign of diarrhea?	How many times a day do you have a diarrhea?
cramps,stomach ache	Generally, periumbilical pain is mostly small intestine spasm.	What are the symptoms of stomach ache? What are you talking about?
allergy	The thing that caused the allergy is gone, but the reaction caused by the allergy is still there.	What's the cause of the allergy?
anorexia,stomach ache	Hello, are all fasting pains? Will it be relieved after eating?	What are the symptoms of anorexia, stomach ache?
diarrhea,fever,vomit,nausea,stomach ache	Acute gastroenteritis is an acute inflammation of the gastrointestinal mucosa. The main clinical manifestations are nausea, vomiting, abdominal pain, diarrhea, fever and so on. This disease is common in summer and autumn, and its occurrence is mostly due to improper diet, overeating, or ingestion of raw, cold, rotten, dirty and unclean food.	Are there any other symptoms of stomach ache, diarrhea, vomiting, etc.?
cramps,indigestion	Just observe it again, it may be intestinal cramps or indigestion.	What's the cause of the indigestion?
fever,reflux,hiccup,heartburn,weight loss	Um, do you have acid reflux, belching and heartburn? Is there a fever? How is your appetite lately? Is there a weight change?	How long has it been? Is there a fever, a hiccup, or is there any weight loss?
stomachache,diarrhea,bloating,reflux,hiccup,vomit	Are there acid reflux, hiccups, vomiting, bloating, stomach pain, constipation, diarrhea?	Are there any other symptoms? Diarrhea, constipation, hiccup, etc., are there any symptoms of stomach pain?
sore throat,stomach ache	What is the specific part of the abdominal pain? Sore throat, do you take any medicine? On the belly button.	How long has it been? Is there a stomach ache?
diarrhea,hemorrhoid	You have sudden diarrhea, usually because you have eaten something bad. Have hemorrhoids before.	How many times a day do you have to take a shit?
chest pain,heartburn	Will there be heartburn or pain in my chest?	How long has it been? Have you had a fever, chest pain or something?
bloating,stomachache,hiccup	Hello. Hiccups, bloating and belching? Does the stomach hurt?	How many times a day do you have to take a hiccup?
hiccup,heartburn,reflux	There are no symptoms such as acid reflux, heartburn, and hiccups.	What's the cause of the hiccup? Have you ever had a fever?
anemia	Of course, it will have an impact. Isn't it anemia after frequent bleeding?	How many times a day do you have to take a shit?
reflux,stomach ache	No abdominal pain, acid reflux or other discomforts? Are you not pregnant?	What's wrong with your stomach? Have you had a diarrhea?
intestinal obstruction	That should not be an intestinal obstruction, so don't worry. That's also fine.	How long has this been going on? Is there anything else that doesn't work?
sticky stool,blood in stool	Hello, is there any mucus, pus and blood in the stool?	How many times a day do you have to take a shit? Is it sticky?
fever,vomit,blood in stool,nausea,stomach ache	Hello! What does the stool look like? Is there pus and blood in the stool? What part of the stomach hurts? Is there nausea, vomiting? Do you have a fever?	Are there any other symptoms of stomach ache?
diarrhea,bloating	Do you have diarrhea and bloating?	How many times a day do you have to take a shit?
bloating,heartburn,reflux	Are there any symptoms of acid reflux, heartburn, and bloating?	What are the symptoms of bloating, heartburn, reflux, etc.?
diarrhea,vomit	Unless the vomiting and diarrhea are aggravated, if this is the case, you can continue to take medicine.	How many times a day do you have to take a diarrhea?
diarrhea,nausea,vomit	Are you nauseous and vomiting now? Diarrhea?	How many times a day do you have a diarrhea?
reflux,hiccup,vomit,nausea,stomach ache	Nausea and vomiting, acid reflux, hiccups, abdominal pain?	What are the symptoms of stomach ache? Is the shit normal?
bitter	Is your mouth bitter?	How long has this been going on? Is it bitter?
diarrhea,gastrointestinal discomfort	Oh, if you have diarrhea as soon as you eat it, if your stomach is uncomfortable, and it is heavier at night, then consider acute gastroenteritis, which is related to the unclean sauerkraut fish; if it is normal during the day and there is no discomfort at all, and it only hurts at night, then take sauerkraut The fish has little to do,	How long has this been going on? Have you had a bad stomach?
bloating,reflux,heartburn,vomit,nausea	Do you have heartburn, vomiting acid, nausea, vomiting, and bloating?	Are there any other symptoms of bloating, fever, vomiting, etc.?
nausea	Is it still disgusting now?	How many times a day do you have to take a shit?
sputum,fever	Do you have a fever and sputum? Have you had a chest CT scan? Do you have pharyngitis?	What's wrong with the shit? Is there a fever?
bitter,bloating,reflux,anorexia,heartburn	After a meal, bitter mouth must first eliminate the problem of cholecystitis, and then sometimes reflux gastritis can also appear. Excuse me, are there any other discomforts besides the bitter mouth after a meal? Such as anorexia and greasy or heartburn, acid reflux and bloating?	How many times a day do you have to take a shit? Is there anorexia, nausea, vomiting, etc.?
backache	Most renal colic is not in the back pain.	What's the cause of the backache?
diarrhea,blood in stool	According to the symptoms, if you have no diarrhea, there will be no pus and blood in the stool. It can be reduced slowly. Only drink salvo.	How many times a day do you have to take a shit? Have you had a diarrhea?
nausea,reflux	Is it nauseating?	What's the cause of the gastrointestinal inflammation? Have you had a diarrhea?
gastrointestinal disorders,bloating	In this case, it is necessary to consider the intestinal dysfunction, which may be related to flatulence.	What's the cause of the gastrointestinal disorders?
diarrhea,dehydration,fatigue	The lack of energy may be caused by a lot of diarrhea, dehydration and electrolyte imbalance, you should drink plenty of water, you can eat millet oatmeal to add water and energy.	How many times a day do you have to take a shit? Do you have a diarrhea, dehydration, fatigue?
bloating,reflux,hiccup,vomit,heartburn,nausea,stomach ache	Do you have abdominal pain or bloating? Is there nausea or vomiting? Is there any acid reflux or heartburn? Are there hiccups?	Are there any other symptoms of stomach ache, such as bloating, hiccups, vomiting, etc.?
hematemesis	How much blood is vomiting? How many mouthfuls did you vomit?	How long has it been? Have you ever had a stomach disease?
allergy,helicobacter infection	To eradicate Helicobacter pylori, you usually need to take 4 kinds of drugs for 2 weeks, amoxicillin, azithromycin, and metronidazole. Choose 2 according to whether you have penicillin allergy or not, after meals. Choose one of Omeprazole, Pantoprazole, Lansoprazole, Omeprazole and Lion DELE, and eat before meals. Re-examined one month after stopping the drug.	What's wrong with the phantom snails?
vomit,reflux	Did you spit it out? Reverse acid water?	What's wrong with you? Is it vomiting, reflux?
nausea,bloating	When eating outside, you should pay attention to dietary hygiene. Eat an easy-to-digest diet, not too greasy. It is important to maintain smooth bowel movements. It is recommended to exercise more and drink plenty of water. Your gastrointestinal motility is not good, so you will have nausea, bloating, and trouble after eating. The feeling of going.	How many times a day do you have to take a shit? Have you had a diarrhea?
stomachache,heartburn,reflux	Color Doppler ultrasound can't tell, but you have acid reflux, heartburn and stomachache. Consider gastritis.	What are the symptoms of stomach pain? Have you ever had a fever?
heartburn,exhaust,reflux	Is there much exhaust? Is there a heartburn and acid reflux?	What's the cause of the gastrointestinal inflammation? Have you had a heart attack?
perianal pain,hemorrhoid	Hello, how long has this situation been? Is there any pain around the anus? Do you have hemorrhoids?	Are there any other symptoms of hemorrhoids? Is the shit normal?
stomachache,stomach ache	Many gastrointestinal problems are more painful than eating. If you eat something that causes abdominal pain in the future, don't eat that kind of food.	Are there any other symptoms of stomach ache?
restless	If you are anxious, you can also use Density.	How long has this been going on? Is there anything else uncomfortable?
gastrointestinal disorders,indigestion	From your description of the symptoms, consider that the intestinal flora disorder causes indigestion and the absorption function is weakened. First, change your eating habits and focus on light and easy-to-digest foods. At the same time, take Defining orally.	What's wrong with the gastrointestinal disorders? Indigestion?
hiccup,reflux,bloating,stomach ache	Yes, but it is common to have abdominal distension, acid regurgitation, belching and abdominal pain.	What's the cause of the hiccup? Is there a stomach ache?
loose stool,hiccup,reflux	How do you usually eat? Are there hiccups, belching, acid reflux? Are your stools loose? Is it shaped?	How many times a day do you have a hiccup?
fever,vomit	How long has it been, has there been vomiting and fever.	Are there any other symptoms of fever, vomiting, etc.
diarrhea,bloating,vomit,nausea,stomach ache	Do you have nausea, vomiting, bloating, abdominal pain, and diarrhea?	What are the symptoms of stomach ache? How many times a day do you have a diarrhea?
reflux,bloating,stomach ache	Whether there is acid reflux, abdominal pain and bloating. Have you taken Chinese medicine? Is it effective? You have to answer my question.	What's the cause of the stomach ache?
gastrointestinal disorders,anorexia	If the mood is bad and the pressure is high, it will cause gastrointestinal dysfunction, and the effect of taking medicine will not be good.	What's the cause of the anorexia?
hiccup	Hiccups are a normal physiological phenomenon. Do you hiccup badly?	What's the cause of the hiccup?
loose stool,fever	Hmm, is it watery or mushy? Have a fever?	How many times a day do you have to take a shit?
nausea,vomit,blood in stool	Recently, the diet is light and easy to digest, and avoid spicy and greasy foods to keep the mood at ease. Do you have nausea and vomiting? Does the stool bring pus and blood?	What's wrong with the shit? Is there blood, nausea, vomiting, etc.?
diarrhea,dehydration,vomit	1. The general treatment is to stay in bed as much as possible. For mild patients, take glucose-electrolyte solution to supplement the loss of body fluids. If vomiting or significant dehydration persists, 5% to 10% glucose saline and other related electrolytes need to be supplemented intravenously. Encourage the intake of light liquid or semi-liquid food to prevent dehydration or treat mild dehydration. 2. Symptomatic treatment, when necessary, can inject antiemetic and antispasmodics: such as belladonna, 3 times a day. Antidiarrheal medicine: such as Sect, 2 to 3 times a day. 3. Antibacterial Therapeutic effect of antibiotics on this disease is controversial. For infectious diarrhea, targeted antibiotics can be used appropriately. But abuse should be prevented.	How many times a day do you have a diarrhea?
reflux,bloating,indigestion,hiccup	Well, it's mainly belching and acid reflux? Does the bloating feel indigestible?	What are the symptoms of hiccup? Is there anything else that doesn't digest?
diarrhea,loose stool	Hello, are you pulling stools like thin water?	How many times a day do you have to take a shit?
hemorrhoid,stomach ache	It should be abdominal pain and hemorrhoid bleeding caused by constipation.	Are there any other symptoms of stomach ache or hemorrhoids?
urgency,frequent urination	Do you have frequent urination and urgency and painful urination?	How long has this been going on? Is there a urinary frequency?
diarrhea,fever,vomit,reflux	Excuse me, do you have fever, acid reflux, vomiting, etc.? Diarrhea? Is it normal? Are you there? Dear.	How many times a day do you have to take a shit? Have you had a diarrhea, feces, vomiting, etc.?
nausea,bloating,reflux	If abdominal distension, nausea and acid reflux symptoms are obvious, the effect of risperidone should be better. It is best not to drink it temporarily.	How many times a day do you have to take a shit? Is it nausea, vomiting, reflux, etc.?
nausea,bloating,vomit,stomach ache	Hello, do you have abdominal pain and bloating? Feel sick and vomit.	Are there any symptoms of stomach ache, nausea, vomiting?
bloating,indigestion	Consider the symptoms caused by chronic dyspepsia with flatulence.	What's the cause of the indigestion?
hiccup,exhaust	Are there hiccups and farts?	What are the symptoms of hiccup, exhaust, etc.?
hemorrhoid,indigestion	Then consider the possibility of gastritis with indigestion and hemorrhoids.	What are the symptoms of hemorrhoids? Indigestion?
sense of hunger	Does it hurt to feel hungry or to eat?	How long has this been going on? Is there a hunger?
diarrhea,palpitations,dizziness,vomit,headache,nausea	Hello, are there any symptoms of dizziness, headache, nausea, vomiting, or diarrhea? Is there chest tightness and flustered?	Are there any other symptoms? Diarrhea, abdominal pain, nausea, vomiting, etc.
headache,dizziness	Dizziness and headache? If you take a bite, you won’t get anything. At the moment, I still drink plenty of water, urinate frequently, and continue to observe. How long have you been drinking?	What's the cause of the gastrointestinal inflammation? Do you have a headache?
diarrhea,nausea,bloating,vomit	Hello, do you have bloating, diarrhea, nausea and vomiting?	How many times a day do you have to take a shit? Do you have a diarrhea?
diarrhea,bloating,frequent urination,urgency,stomach ache	Hello, do you have abdominal distension, diarrhea or back pain, frequent urination, urgency, and painful urination.	Are there any symptoms of stomach ache, vomiting, diarrhea, etc.?
anemia,blood in stool	Routine blood tests are also necessary. Long-term bleeding from stool can cause anemia.	How many times a day do you have to take a shit? Do you have anemia?
tensile and heavy	Because it is accompanied by census, we must pay attention to finding the cause.	How many times a day do you have to take a shit?
tensile and heavy,blood in stool	Earlier, you said that there is blood on your fingers, combined with dark red stool, census, and particularly sticky. It is considered a symptom caused by enteritis.	How many times a day do you have to take a shit? Do you have a lot of blood?
chest pain	Is there any pain behind the breastbone? Was the sleeping room airtight or the sleeping position right last night?	What's the cause of the chest pain?
loose stool,blood in stool	Are you so watery? Is there pus and blood? How many times have you been in line?	How many times a day do you have to take a shit?
nausea,vomit,reflux	Do you have symptoms such as nausea, vomiting and acid reflux?	What's the cause of the problem? Is it nausea, vomiting, reflux, etc.?
chest pain,heartburn,reflux	There are relationships. Do you have heartburn and acid reflux pain behind the sternum?	How long has it been? Have you had a chest pain, a fever, etc.? Did you eat anything?
diarrhea,loose stool,fever,stomach ache	Hello, how many times did you have diarrhea? Is the stool watery? Are there other discomforts, such as fever? Stomach ache?	How many times a day do you have to take a shit? Do you have a stomach ache?
bowel,vomit	Can relieve vomiting and abdominal bowel.	What's the cause of the gastrointestinal inflammation?
anorexia,indigestion	You may have gastritis. It is recommended to take medicine first, in case it is not easy to go to the hospital's gastroenterology clinic for a gyroscope.	What are the symptoms of anorexia? Indigestion?
chest pain,stomachache,bloating,indigestion,reflux,anorexia,vomit,stomach ache	Generic Name Drug Error Correction Agar wood Shut Tablets are composed of agar wood, woody, magnolia, amour, cardamom, citrus uranium, bupleurum, chrysalis, Jiangsu, turmeric and other flavors. Indications Relieve QI and appetite, relieve depression and relieve pain. Used for full chest and abdomen, stomach pain, vomiting acid water, indigestion, loss of appetite, depression and uncomfortable. Specifications Each tablet weighs 0.3g. The dosage is taken orally, 4 tablets at a time, 2 times a day. Contraindications: Those with chronic illness and QI deficiency should not take it. The medication for pregnant women and lactating women is not yet clear. The medication for children is not clear. Adverse reactions are not clear. Please follow the doctor's advice. Pharmacological effects The experiment has not been carried out and there is no reliable reference. Pharmacokinetics This experiment has not been carried out and there is no reliable reference. Drug interactions If used with other drugs at the same time, drug interactions may occur. Please consult your physician or pharmacist for details. Store in a sealed, cool and dry place* The above content is for reference only!	Are there any other symptoms of stomach pain, such as stomach ache, constipation, anorexia, etc.
headache,fever	Headache and fever can cause gastrointestinal symptoms.	What's the cause of the fever? Have you had a headache?
gastrointestinal discomfort,hiccup,reflux	Is it an upper abdominal discomfort to have acid reflux and belching?	What's wrong with the stomach? Is there a hiccup?
reflux,heartburn,vomit,nausea,stomach ache	Do you have symptoms such as acid reflux, heartburn, upper abdominal pain, or nausea and vomiting?	Are there any other symptoms of stomach ache? Is the shit normal?
nausea,vomit,stomach ache	What unclean food did you eat last night? Does the stomach hurt badly? Do you have nausea and vomiting?	Are there any symptoms of stomach ache, nausea, vomiting?
nausea,indigestion	Nausea means that you are full or have indigestion. The black millet grains should be undigested. It is recommended not to add apples for the time being. You can supplement your baby with lactase or multi-enzyme tablets. When you have time, massage your belly button clockwise. Promote digestion, it should not be a big problem. When indigestion, the stool will be pulled a little more often. You need to add some water properly to wish your baby healthy.	What are the symptoms of indigestion? What are you eating?
black stool,loose stool,blood in stool	How many times do you pull in a day? What color is the stool? Is there any pus, blood, or black stool? Is the stool mushy or syrupy?	How many times a day do you have to take a shit? Is there a lot of blood?
nausea,bloating,vomit	Colic, tingling, or fullness? Is it accompanied by other discomforts: nausea, vomiting, abdominal distension, how about stool?	How many times a day do you have to take a shit? Is it nausea, vomiting, etc.?
fever,reflux,hiccup,heartburn,vomit,nausea	No fever. Is there nausea or vomiting? Is there any acid reflux or heartburn? Are there hiccups?	Are there any other symptoms? Have you ever had a fever, hiccup, vomiting, etc.?
diarrhea,fever,vomit,nausea,gastrointestinal discomfort	Is there any discomfort such as nausea, vomiting, diarrhea and fever?	What's wrong with your stomach? Is there any nausea, vomiting, etc.?
perianal pain,bloating,stomachache	Does stomach pain and flatulence improve after bowel movements? Has there been little activity recently?	How long has this been going on? Is there a stomachache, bloating?
diarrhea,bloating,reflux,vomit,nausea	Whether there is acid reflux, nausea, vomiting, bloating, diarrhea or constipation.	How many times a day do you have to take a shit? Are there any other symptoms, such as diarrhea, bloating, vomiting, etc.?
stomachache,sense of hunger	Young people have more stomach pains when they are hungry, and generally do not show that they are easily hungry after eating.	Are there any other symptoms of stomach pain?
perianal pain,blood in stool	Anal swelling, itching or pain, blood on the surface of the stool.	How many times a day do you have to take a shit? Do you have a stomach ache?
palpitations	Do you have symptoms such as palpitation, trembling hands, sweating, etc.?	How long has it been? Is there a lot of gas?
diarrhea,stomachache,stomach ache	At present, lactic acid bacteria tablets can be taken orally to help digestion, Changyanning tablets, to treat diarrhea, and if abdominal pain occurs, you can take compound vitamin U belladonna tablets to relieve gastrointestinal colic. Drink plenty of hot water and keep warm!	What's the cause of the shit? How many times a day do you have a stomachache?
nausea,bloating,indigestion	The role is to treat abdominal distension, indigestion, nausea, etc.	How many times a day do you have to take a shit? Is it nausea, vomiting, indigestion?
exhaust,stomach ache	Hello, did you catch a cold at night? Is the stomach cramps? Want to relieve stool when it hurts? Will it be relieved after the stool or fart is relieved?	Are there any other symptoms? Stomach ache, exhaust, etc.?
diarrhea,cramps,stomach ache	In response to this consultation, the doctor updated the summary recommendations: consider the abdominal pain caused by intestinal spasm, observe the stool, if you still have abdominal pain and diarrhea, pay attention to acute enteritis, and avoid spicy food that stimulates greasy cold.	What are the symptoms of stomach ache? How many times a day do you have a diarrhea?
black stool,gastrointestinal discomfort	The treatment drug is a prescription drug and needs to be dispensed by the hospital. Green skin test is required before medication. Amoxicillin 0.5 g twice a day to take half an hour after meals; 0.2 g levofloxacin tablets twice a day to take half an hour after meals; colloidal pectin bismuth capsules 0.2 g twice a day to take half an hour before meals; pantoprazole tablets 40 mg twice a day Take half an hour before the next meal. Take it for a total of 14 days. There may be black stools and upset stomach during taking. This is a side effect of the drug, it doesn't matter. Keep taking it. , It is recommended to treat after 2-3 months. Otherwise, treatment after antimicrobial resistance is more troublesome. Because there is no face-to-face diagnosis and treatment, the above is for reference only.	How many times a day do you have to take a shit? Does it hurt in the stomach?
stomachache,diarrhea,bloating,hiccup,stomach ache	What are your symptoms now? If you have gastritis, you will have stomachache, bloating, belching, and pantothenic acid. You can take Taxi for a week. Enteritis will be accompanied by abdominal pain and diarrhea. Oral barbering or montmorillonite powder and other antidiarrheal anti-inflammatory drugs can be used. And spicy, fatty, raw and cold foods, keep warm and rest.	What's wrong with stomach pain? Diarrhea, hiccup, stomach ache?
diarrhea,stomachache	Well, I’ve cooled my stomach and in the last few days, pay attention to my diet, cook some millet oatmeal in the morning and evening, don’t eat spicy, hard and cold abdomen to keep warm or have diarrhea. .	How many times a day do you have to take a shit? Have you had a diarrhea?
diarrhea,gastrointestinal discomfort,stomachache,stomach ache	When Taxi relieves stomach discomfort and pain, or chews (takes the medicine on an empty stomach) during an attack, barbering relieves abdominal pain and diarrhea. Take the medicine about half an hour after a meal.	What's wrong with your stomach? Is there a stomach ache?
bloating,reflux,hiccup,vomit,nausea,stomach ache	Nausea and vomiting, acid reflux and hiccups, abdominal pain and bloating? How is the diet?	What's the cause of the stomach ache? Is the shit normal?
diarrhea,fever,vomit	Hello, are there any other discomforts besides diarrhea? Can fever and vomiting?	How many times a day do you have to take a shit? Have you had a diarrhea?
gastrointestinal disorders,cramps	In response to this consultation, the doctor updated the summary recommendations: there should be no problem, intestinal dysfunction or intestinal spasm.	What's the cause of the gastrointestinal disorders?
diarrhea,bloating,hiccup,nausea,stomach ache	Are there any other discomforts? Such as abdominal pain, bloating, nausea, diarrhea, belching?	What are the symptoms of stomach ache? What are you talking about?
diarrhea,cramps,vomit	Then there is stomach cramps. Because you have no diarrhea, no vomiting, and no obvious gastrointestinal symptoms. It is recommended to try a hot compress.	How many times a day do you have to take a shit? Have you had a diarrhea, crams, etc.?
stuffy nose,sore throat,fever,chills	Do you have fever, chills, sore throat, or nasal congestion and runny nose?	What's wrong with your nose? Is there a cough, a stomach pain, or something?
sputum,cough	How old are you, is the runny nose clear or turbid, and there is no cough or sputum?	What are the symptoms of sputum, cough, cough?
sputum	If you have phlegm in your throat, you can take 3 compound licorice tablets three times a day and drink plenty of water.	What's the cause of the spleen?
hiccup,indigestion	One is indigestion, and the other is that if you eat too fast, it is easy to cause eating hiccups.	What are the symptoms of hiccup and indigestion?
gastrointestinal discomfort,indigestion	My stomach is not good. I have stomach problems. Indigestion occurs.	How long has this been going on? Does it hurt in the stomach?
gastrointestinal discomfort,heartburn,reflux	Is the stomach normal? Is there any heartburn or acid reflux?	What's wrong with your stomach? Have you had a fever?
diarrhea,gastrointestinal discomfort,hiccup,sense of hunger	1. Consider your stomach problems, hunger, hiccups, and belching symptoms. Did you have diarrhea?	What's wrong with your stomach? Is there a hiccup, a stomach ache, or something?
nausea,bloating,fatigue	Yes, no, the liver and gallbladder will be weak and nauseous, but there will be no bloating.	How many times a day do you have to take a shit? Are there any symptoms of nausea, fatigue, etc.?
gastrointestinal disorders,fever	If there is no fever, consider acute intestinal dysfunction.	What's the cause of the gastrointestinal disorders?
stomachache,bloating,reflux,hiccup,heartburn	Do you have acid reflux, heartburn, hiccups, bloating, and stomach pain?	How long has it been? Is there a stomach ache, a hiccup, or something?
nausea,hiccup,vomit,reflux	Do you have acid reflux, belching, nausea and vomiting?	Are there any other symptoms? Is it nausea, burp, constipation, etc.?
fever,reflux,chills,hiccup,vomit,nausea	Do you have nausea, vomiting, acid reflux and belching? Chills and fever. ?	What's the cause of the shit? Is there a fever, a burp, an esophagus, or something?
gastrointestinal discomfort,stomachache,heartburn	Irregular diet can easily cause gastroduodenal ulcer/inflammation. If you have stomach pain, stomach acid, heartburn, and stomach upset, it is recommended to use omeprazole or hydrotalcite chewable tablets. Frequent stomach upsets can be checked by gastrostomy.	What's wrong with your stomach? Is there a stomachache or a fever?
reflux,bloating,heartburn,hiccup	Gastroduodenal ulcer/inflammation, the same medication, slightly different symptoms, can be diagnosed by gastrostomy, acid reflux heartburn is recommended to use omeprazole, Taxi, bloating, belching, belching and fullness, and mosapride is recommended. You can review it.	How many times a day do you have to take a shit? Have you had a stomach ache, a fever, etc.?
diarrhea,gastrointestinal disorders	At present, considering the possibility of gastritis or gastrointestinal dysfunction, it is relatively high! If you have diarrhea, consider the possibility of gastroenteritis. Are you busy?	What's the cause of the gastrointestinal disorders?
black stool,vomit	How is the stool condition, how many times a day, is there any black stool, or vomiting?	How many times a day do you have to take a shit?
nausea,dizziness	Symptoms such as nausea and dizziness.	Are there any other symptoms? Is there nausea, vomiting?
sputum,palpitations,cough	Do you have cough and sputum, flustered?	What are the symptoms of spleen? Cough? What are you talking about?
sputum,fatigue,cough	Do you have cough, sputum, fatigue?	What are the symptoms of sputum? Cough? What are you talking about?
nausea,stomachache,vomit	Do you have stomach pain, nausea and vomiting?	How many times a day do you have to take a shit? Do you have a stomachache?
shortness of breath	Is it always short of breath? Is sleep at night affected?	How long has this been going on? Is there a problem with the shit?
gastrointestinal discomfort,shortness of breath	Are there symptoms of shortness of breath when the stomach is not upset?	What's wrong with your stomach? How long has it been? How many times a day?
bloating,shortness of breath	Stomach bloating can cause chest tightness and shortness of breath in the upper diaphragm. Your situation should be improved after applying drugs to enhance gastrointestinal motility and paying attention to your diet.	How long has it been? Is there a bloating, a lack of breath?
diarrhea,reflux,hiccup,vomit,heartburn,nausea,stomach ache	Whether there is acid reflux, heartburn, nausea and vomiting. Abdominal pain, diarrhea, constipation. Hiccup.	How long has it been? Is there any nausea, vomiting, stomach ache, diarrhea?
nausea,fatigue	The current situation cannot rule out the nausea and fatigue caused by liver damage. It is recommended that you go to the gastroenterology department or liver disease department of the local hospital for further laboratory examinations and treatment. Don't delay.	What's the cause of the problem? How many times a day do you take a shit?
restless,diarrhea,gastrointestinal disorders,stomach ache	Intestinal dysfunction. Irritable bowel syndrome is a problem of intestinal function regulation, so it will be repeated. Usually the symptoms are constipation, diarrhea, abdominal pain, or the above three conditions occur at the same time or at intervals. However, there are many reasons. Emotions including anger, depression, anxiety, entanglement, etc. can be induced; staying up late, tired, and also, food can also induce food such as tobacco, alcohol and spicy food; cold can also be easily induced; insomnia, worrying, etc. Think more about it, stress will make this situation happen again and again. The diagnosis of disease must exclude organic diseases, such as ulcers, tumors, polyps, hyperthyroidism and so on. Today, when environmental colon tumors are getting younger and younger, young and middle-aged and elderly people must recommend colonoscopy to exclude organic lesions before considering this diagnosis.	Are there any symptoms of stomach ache, constipation, diarrhea?
fever,fatigue,cough	Fever, cough, dry cough, fatigue, respiratory failure, toxemia, etc. Are there any of these symptoms?	Are there any other symptoms of coughing, fever, etc.?
sore throat,diarrhea,fever,fatigue,difficulty breathing,cough,stuffy nose	Based on the current epidemiological investigation, the incubation period is 1-14 days, mostly 3-7 days. Main manifestations are fever, fatigue, and dry cough. A few patients have symptoms such as nasal congestion, runny nose, sore throat and diarrhea. Severe patients often develop dyspnea and/or hypoxemia one week after the onset of the disease. In severe cases, they rapidly progress to acute respiratory distress syndrome, septic shock, difficult to correct metabolic acidosis, and coagulation dysfunction. It is worth noting that severe and critically ill patients may have moderate to low fever during the course of their illness, or even no obvious fever. Mild patients only manifested as low-grade fever, mild fatigue, etc., without pneumonia. Judging from the status of the currently admitted cases, most patients have a good prognosis, and a few patients are in critical condition. The prognosis of the elderly and those with chronic underlying diseases is poor. Symptoms in children are relatively mild.	What's the cause of the shit? Diarrhea, cough, diarrhea, etc.
gastrointestinal disorders,hemorrhoid	Gastrointestinal dysfunction is more common in young people. It is not an organic disease, but is functional. The treatment is mainly to adjust the schedule and diet. Are hemorrhoids serious?	What's wrong with the gastrointestinal disorders? Is there any hemorrhoids?
reflux,hiccup,vomit,perianal pain,nausea	Is there any nausea? Vomit? Acid reflux? Belch? Is the anus painful?	Are there any other symptoms of hiccup, vomiting, abdominal pain, etc.?
restless,bloating	Oral for half a month. It is necessary to develop good eating habits, eating regularity, eating small and frequent meals, and eating soft foods that are easy to digest. Avoid foods that are raw, cold, hard, rough, greasy, and contain too much fiber. Never overeating. Chew slowly when eating, which will help digestion and absorption, thereby reducing the burden on the stomach. Avoid drinking strong tea, coffee, alcohol, etc.; eat fewer foods that are prone to flatulence, such as potatoes, sweet potatoes, onions, and boiled soybeans. Quit smoking, do not eat spicy and irritating food. Avoid long-term consumption of overheated, sour and smoked foods. At the same time, avoid long-term use of drugs that are irritating to the gastric mucosa, especially aspirin. Antoine, indomethacin, prednisone, etc. Pay attention to the combination of work and rest, the rules of life, maintain an optimistic and happy mood, and avoid tension, anxiety, and depression.	How long has this been going on? Is there anything else uncomfortable? Are you tired?
black stool,hemorrhoid	If the hemorrhoids bleed, the bright red stool will not turn black.	How many times a day do you have to take a shit? Is there any hemorrhoids?
gastrointestinal discomfort,bloating,bowel,stomach ache	The croaking in the stomach is caused by bowel sounds. When this happens, as long as there is no discomfort such as abdominal pain or bloating, there is nothing wrong with it.	How long has this been going on? Is there a stomach ache?
gastrointestinal disorders,loose stool,bloating,indigestion	Yes, you currently have gastritis and intestinal dysfunction, causing flatulence, irregular stools, and indigestion. Did the doctor prescribe medicine?	How many times a day do you have to take a shit? Are there any symptoms of gastrointestinal disorders, bloating, etc.?
loose stool,exhaust,stomach ache	Well, because you have long-term abdominal pain, irregular bowel movements, and excessive exhaust. This discomfort is all related to the intestines, so you need to have a colonoscopy.	How many times a day do you have to take a shit? Do you have a stomach ache?
bitter,vomit	Is the mouth sore when vomiting?	What are you talking about? Is it bitter, vomit?
difficulty breathing	Do you have difficulty breathing?	How many times a day do you have to take a shit? Have you had a bad breath?
cough	Have you caught cold, runny nose, cough and other cold symptoms?	How long has it been? Have you got a cough?
diarrhea,dehydration	Be wary of infectious diarrhea, which occurs frequently in autumn and winter, such as caused by viruses. The other is a gastrointestinal cold, but this possibility is relatively small. Now the child has symptoms of dehydration, thirsty, etc., and vomits when eating and taking medicine. Therefore, it is recommended that the children’s hospital needs to take blood, check stool, and give fluids.	What are the symptoms of dehydration caused by diarrhea?
vomit,stomach ache	Did you have an operation before, did you vomit, did you have severe abdominal pain?	Are there any other symptoms of vomiting, stomach ache?
bitter,indigestion	Cholecystitis may cause bitter mouth, dry mouth and indigestion. It's not that you must have cholecystitis, it's because both diseases may have the symptoms you mentioned. In your current situation, consider the possibility of gastritis.	How long has this been going on? Is it bitter, indigestion?
stomachache,bloating,reflux,hiccup,vomit,nausea	Do you have acid reflux, hiccups, bloating, stomach pains, nausea and vomiting? What specific location hurts.	Are there any other symptoms of stomach pain, such as bloating, hiccups, etc.?
dizziness	Dizzy? Is there any cervical spondylosis?	How long has it been? Is there a problem with the gastrointestinal function?
stomachache,vomit,stomach ache	According to your description, because you are more sensitive than ordinary people during pregnancy, it may be abdominal pain, vomiting, and stomach pain caused by acute gastroenteritis.	Are there any other symptoms of stomach ache?
bloating,stomachache,reflux	Hmm, do you have stomach pain, bloating and acid reflux?	What are the symptoms of bloating? How many times a day do you have a stomachache?
bloating,reflux,vomit,heartburn,nausea,stomach ache	Do you have abdominal pain, bloating, nausea, vomiting, heartburn, acid reflux, and bad mouth odor?	Are there any other symptoms of stomach ache, such as bloating, vomiting, nausea, vomiting?
fatigue,cough	There is no fatigue, coughing, etc., right?	How many times a day do you have to take a shit? Is it fatigue, cough, cough?
diarrhea,dizziness,fatigue	That's fine. Fatigue and dizziness may be related to your diarrhea.	How many times a day do you have to take a shit? Do you have a diarrhea?
diarrhea,blood in stool,stomach ache	Temporary symptoms are not necessary for the time being, and it is not good again and again, abdominal pain, diarrhea, mucus, pus, blood, stool, long time, not good for more than 2 weeks, you need to have a colonoscopy.	How many times a day do you have to take a shit? Do you have a stomach ache?
jaundice	If the skin is yellow, pay attention to liver function problems.	How many times a day do you have to take a shit?
diarrhea,allergy,bloating,indigestion,stomach ache	Crabs are seafood. Some people are allergic to cause abdominal pain, bloating, and diarrhea. High-protein foods are not easy to digest and increase bloating.	What are the symptoms of stomach ache? Is the shit normal?
bloating,hiccup	Flatulence, hiccups, etc. for more than a week?	What's the cause of the hiccup? Bloating?
diarrhea,gastrointestinal disorders,bloating	If there has been no gastric disease in the past, and the intestinal tract has not been involved in this disease (such as bloating around the belly button, diarrhea or constipation), consider your situation as a transient gastric disorder. You can take some digestive drugs (such as compound digestive enzymes), aerodynamic drugs (such as mosapride, etc.). If you have severe colic, you can take antispasmodic drugs (such as pinaverium bromide, etc.).	What are the symptoms of gastrointestinal disorders? What are you eating?
tensile and heavy,loose stool	Is there a feeling of tenseness? That is the feeling of thinking about it after pulling it. Loose stools!	How many times a day do you have to take a shit?
diarrhea,loose stool,fever	If you have fever and loose stools, consider acute enteritis first.	How many times a day do you have to take a shit? Have you had a diarrhea?
diarrhea,nausea,stomach ache	The most common adverse reactions are as follows, in descending order of frequency: hypertension (45%), fatigue (44%), diarrhea (39%), loss of appetite (34%), weight loss (31%), arthralgia/myalgic (31%), abdominal pain (30%), palm and plantar swelling syndrome (27%), proteinuria (26%), bleeding (25%), dysphonia (24%), hypothyroidism (21%) and Nausea (20%).	Are there any other symptoms of stomach ache? What are you talking about?
stuffy nose,sore throat,cough	There are no symptoms of nasal congestion, runny nose, sore throat, or cough?	How many times a day do you have to take a shit? Do you have a nose, a throat, cough, cough?
menstrual disorders	Is menstruation regular? Is this menstruation postponed? Can pregnancy be ruled out? Have you had sex?	What's wrong with the menstrual disorders?
nausea,cough	Was there any nausea, vomiting, or irritating cough when I woke up in the morning?	How many times a day do you have to take a shit? Is it nausea, cough, cough?
reflux,bloating,heartburn,stomach ache	Um, is there any acid reflux, heartburn, abdominal pain, and bloating?	What are the symptoms of stomach ache? Is the shit normal?
stomach ache,dizziness,sneeze	Does the stomach hurt? Runny nose? Sneeze? Dizzy?	What's wrong with your stomach? Is it a stomach ache? Does it hurt?
fever,dizziness	Usually heatstroke will cause dizziness and fever!	Are there any other symptoms of vomiting, fever, etc.?
fever,cramps,difficulty breathing,anorexia,headache,nausea	The typical clinical manifestation process can be divided into the following three phases: 1. The prodromal or aggressive phase Before the state of excitement appears, most patients have low fever, loss of appetite, nausea, headache, fatigue, general discomfort, etc., which resemble a "cold"; Fear and restlessness, sensitive to sound, light, wind, pain, etc., and a feeling of tightness in the throat. 2. Patients in the excitement phase gradually enter a highly excited state, with prominent manifestations such as extreme terror, fear of water, fear of wind, paroxysmal pharyngeal muscle spasm, difficulty breathing, difficulty urinating and defecation, and excessive sweating and salivation. The current period lasts for 1 to 3 days. Water fear is a special symptom of rabies. Fear of wind is also one of the common symptoms. 3. During the paralysis period, the spasm stopped, and the patient gradually became quiet, but slow paralysis appeared, especially the paralysis of the limbs was more common. Eye muscles, facial muscles, and mastectomy muscles can also be affected, manifested as strabismus, eye movement disorders, mandibular drop, inability to close the mouth, lack of facial expression, etc. The current period lasts for 6 to 18 hours.	Are there any other symptoms? Anorexia, headaches, etc.
bloating,reflux,heartburn,vomit,stomach ache	I've been pregnant for a few months. Is the pain above or below the belly button? Do you have bloating? Is there acid reflux, heartburn? What is vomiting? Is the stool normal?	What are the symptoms of stomach ache? Is it bloating?
anemia,cough	A severe cough is definitely not good for your baby, not to mention that you still have anemia. It is not good to take Chinese patent medicine. It is recommended to take Chinese medicine for overall conditioning and add anti-fetal medicine.	How many times a day do you have to take a shit? Have you had anemia, cough, cough?
stomach ache,weight loss	Hello, how long has this situation been? Do you have abdominal pain? Has the weight changed?	What's wrong with your stomach? How many times a day do you take a shit?
nausea,bloating,heartburn,reflux	Heartburn, acid reflux, nausea, bloating, and oral odor.	How many times a day do you have to take a shit? Is there any nausea, vomiting, fever, etc.?
diarrhea,fatigue,cough	If the body temperature is greater than 38. Fatigue, dry cough, moderate diarrhea, you need to be checked by the hospital.	How many times a day do you have to take a shit? Do you have diarrhea, cough, cough?
bloating,bitter	Now it’s mainly stomach bloating and bitter mouth? Sorry, just saw it.	What are the symptoms of bloating? What are you talking about?
hard to swallow,heartburn,reflux	Do you have acid reflux, heartburn, dysphagia?	How many times a day do you have to take a shit? Have you had a fever, vomiting, etc.?
black stool,blood in stool,bloating,stomach ache	Do you have other symptoms such as abdominal pain, bloating, black stool, and blood in the stool?	How many times a day do you have to take a shit? Is there a stomach ache?
gastrointestinal discomfort,stomach ache	There are no other symptoms except stomach pain and discomfort in the stomach, is it true?	How long has this been going on? Does your stomach hurt?
diarrhea,anorexia	Have you ever taken weight-loss drugs or drugs that cause diarrhea before?	How many times a day do you have a diarrhea?
diarrhea,bloating,stomach ache	How about stool? Do you have abdominal pain, bloating, and diarrhea?	Are there any symptoms of stomach ache or diarrhea?
bloating,vomit	Is there any vomiting? Bloating.	How many times a day do you have to take a shit?
fever,vomit,headache,nausea,stomach ache	Have fever, headache, nausea, vomiting, abdominal pain?	Are there any other symptoms of stomach ache, fever, vomiting, etc.?
diarrhea,fever,bloating,dehydration,vomit,nausea,stomach ache	Judging from your symptoms, I consider not to rule out gastroenteritis. The main cause is unclean diet, eating spicy, greasy and irritating food, or being uncomfortable with water and soil, or catching cold. Generally manifested as fever, abdominal pain, abdominal distension, nausea, vomiting and diarrhea. Generally, it is better to pay more attention to rest and observe a light diet. In some serious cases, dehydration or even shock may occur. Generally, blood routine and stool routine should be checked. Medications include omeprazole to suppress gastric acid, Sect to stop diarrhea, Ito pride to promote gastrointestinal motility, and Befell to regulate the intestines. If the medication does not relieve it, it is recommended to go to the hospital. Diagnosis and treatment.	Are there any other symptoms of stomach ache, diarrhea, vomiting, etc.?
diarrhea,nausea,gastrointestinal discomfort	Hello, what do you eat, your stomach is uncomfortable, whether you have diarrhea, or nausea.	What's wrong with your stomach?
fever,bloating	Are there other symptoms such as oily bloating, pantothenic acid, fever, etc.? Is it painful?	Are there any other symptoms of fever, bloating or something?
dehydration,fever,fatigue	It mainly depends on whether your dehydration is serious or not, such as dry mouth, Liguria, weakness, or even fever, then infusion as soon as possible.	Are there any other symptoms of dehydration, like fever, etc.?
nausea,vomit,heartburn,reflux	Do you feel nauseous? Are there any cases of acid reflux and heartburn?	What's wrong with you? Is there any nausea, vomiting, fever, etc.?
fever,reflux,heartburn,vomit,nausea	Do you feel nauseous? Are there any cases of acid reflux and heartburn? Is there a fever?	Are there any other symptoms, such as fever, fever, heartburn, etc.?
diarrhea,fatigue	Fatigue is caused by diarrhea.	How many times a day do you have to take a shit?
black stool,stomach ache	Hello, where is the pain in the abdomen? Left right? Upper abdomen and lower abdomen? Is the bowel movement normal? Is there black poop?	How many times a day do you have to take a shit? Is there a stomach ache?
cramps,stomachache	I think the symptoms are stomach cramps and pain. The cause of this may be gastritis. Therefore, the treatment of drugs requires acid suppressants, omeprazole, and antispasmodic and pain relief. It is recommended to use belladonna, and then Plus protect the gastric mucosa drug Decline.	What are the symptoms of stomach cramps?
reflux,hiccup,heartburn,stomach ache	Are there acid reflux heartburn hiccups? Do you have abdominal pain?	What are the symptoms of stomach ache? How many times a day do you take a shit?
restless,gastrointestinal disorders	Consider the gastrointestinal dysfunction caused by improper diet, irregular work and rest, tired and staying up late, changes in the living environment, depression, nervousness, and anxiety!	What's wrong with you? Are there any symptoms of gastrointestinal disorders?
fever,bloating,reflux,heartburn,vomit	Do you have bloating? Is there acid reflux, heartburn? What is vomiting? Have a fever?	How many times a day do you have to take a shit? Is there a fever, a heartburn, etc.?
reflux,bloating,vomit,hiccup	Do you have other symptoms such as bloating, vomiting, hiccups and pantothenic acid?	How many times a day do you have to take a shit? Have you ever had a stomach bloated?
loose stool,indigestion,stomach ache	For example, abdominal pain, cold food will increase, loose stools, poor digestion, etc.	How many times a day do you have to take a shit? Do you have a stomach ache?
headache,nausea,vomit	Migraines can also cause symptoms such as nausea and vomiting.	What are the symptoms of a gastrointestinal disorder? What are you talking about?
diarrhea,nausea,bloating,headache	In addition, gastrointestinal colds may have headaches, nausea, bloating, and diarrhea.	How many times a day do you have to take a shit? Are there any other symptoms of bloating, diarrhea, etc.?
chest pain,shortness of breath	Is there a lot of pain in the left chest? Usually, chest tightness and shortness of breath.	What's the cause of the chest pain? How long has it been? How many times a day?
chest pain,stomachache	Stomach and chest pain should be ruled out in two aspects, one is the heart, and the other is the stomach. The heart is painful in the anterior region of the heart, which is radioactive and will transfer to other parts. The stomach is generally painful and not too severe.	How long has this been going on? How many times a day do you have to take a shit?
hiccup,bitter,heartburn,reflux	Is there usually heartburn, hiccups, heartburn, regurgitation.	What's the cause of the hiccup? How many times a day do you have to take a shit?
fever,fatigue	Do people feel fatigued? Is there a fever?	Are there any other symptoms of fever, fatigue, etc.?
black stool,allergy,bitter	If there is no drug allergy, oral amoxicillin, 1.0g after breakfast, 1.0g after dinner; azithromycin, 0.5g after breakfast, 0.5g after dinner; Pantoprazole, 40 mg before breakfast, 40 mg before dinner; colloidal fruit Bismuth gum, 200 mg before breakfast, 200 mg before dinner. Orally for a total of 10 or 14 days. On the way to take the medicine, the mouth will be bitter, stool and tongue coating will be dark, which will disappear after stopping the medicine. Do not drink alcohol while taking medicine. The probability of cure after taking the medicine once is about 80-90%.	How many times a day do you have to take a shit? Are there any other symptoms? Is there anything else uncomfortable?
bloating,helicobacter infection	If it is caused by Helicobacter pylori, the bloating will be relieved after eradication.	What's wrong with the phantom snails?
diarrhea,gastrointestinal discomfort,vomit,stomach ache	Acute gastroenteritis is caused by unclean diet, not everyone will have it, but your own spleen and stomach function is not good, gastrointestinal function is poor, after eating unclean diet, abdominal pain, diarrhea, vomiting and other gastrointestinal symptoms appear. The general treatment is based on light diet, supplemented by montmorillonite powder, Zhengchangsheng, or norfloxacin, barbering and other treatments, and the effect is good.	Are there any symptoms of stomach ache, diarrhea, etc.?
hemorrhoid,bowel	There are many reasons for bowel irritation, and it has something to do with eating cold and so on. Stool shape changes, it is recommended to go to the hospital for examination. First look at the anorectal department, whether there are hemorrhoids and so on.	Are there any other symptoms? Is there hemorrhoids?
dizziness,fatigue	Is the quantity large? Do you have symptoms such as dizziness, fatigue, body aches, etc?	What's the cause of the gastrointestinal inflammation? Is there anything else uncomfortable?
bloating,heartburn,stomach ache	Do you have symptoms such as abdominal pain, bloating, heartburn, pantothenic acid, etc.? It is atrophic gastritis.	What are the symptoms of stomach ache? Is it bloating?
sputum,blood in stool	First, phlegm in your throat and blood in your stool are two different things. If you have blood in your stool, you can wash your buttocks with warm water every night, eat less spicy food, and grow more fruits and vegetables.	What's the cause of the shit? Is there a lot of blood?
bloating,reflux,hiccup,heartburn,nausea,stomach ache	In addition to nausea, do you have acid reflux, heartburn, belching, bloating, and abdominal pain?	What's the cause of the stomach ache? Is it bloating?
heartburn,stomach ache	Do you have abdominal pain and heartburn?	How long has it been? Have you had a stomach ache?
diarrhea,gastrointestinal disorders,hemorrhoid,reflux,heartburn	It is recommended to pay attention to diet, do not eat spicy food that stimulates cold, don’t eat hot pot, do not drink carbonated drinks, itching around the anus with blood stains, considering the possibility of hemorrhoids will be more likely to have heartburn and acid reflux, consider having stomach problems’, eat raw and cold stimulating foods In the future, it is easy to have diarrhea. Considering the possibility of intestinal dysfunction, you can appropriately take omeprazole, probiotics such as Lexicon, hydro magnesium tablets to improve the symptoms, and topical use of hemorrhoid suppositories.	What's the cause of the gastrointestinal disorders? Reflux, hemorrhoids, etc.
dehydration,fatigue	If the whole body is really weak, it means that the dehydration is serious, and it is better to infusion.	What's wrong with you? Dehydration? Fatigue?
urgency,fever,frequent urination	Are there any problems with urination? Such as frequent urination, urgency, dysuria, backache, fever.	Are there any other symptoms? Is there a fever, a urinary infection, etc.?
nausea,heartburn,hiccup,vomit	Are there heartburn, nausea and vomiting, belching and belching?	What are the symptoms of hiccup, nausea, vomiting, etc.
loose stool,bloating,indigestion	If you are full, your stomach will not be digested, and your stool will not be formed. These are diseases of the digestive system. In general, digestive dysfunction is common.	How many times a day do you have to take a shit? Are there any other symptoms of indigestion?
cramps,hiccup	Hiccups are caused by diaphragmatic spasm, which is not harmful, but it is more uncomfortable when hitting.	How many times a day do you have a hiccup?
nausea,bloating,stomachache,reflux	Stomach pain, bloating, acid reflux, nausea?	How many times a day do you have to take a shit? Is it nausea, vomiting, constipation, etc.?
nausea,hiccup,reflux	Apart from the pain and nausea, is there anything uncomfortable? Acid reflux, is there any belching?	What are the symptoms of hiccup? What are you taking?
fever,vomit,reflux	Excuse me, do you have fever, acid reflux, vomiting, etc.? Are you busy?	What's the cause of the fever? Is there a shit?
headache,stomach ache	Hello, what did you eat yesterday, is your menstruation normal? Do you have abdominal pain, headache, dizziness and other symptoms? Have you caught a cold?	What are the symptoms of stomach ache? What are you talking about?
nausea,allergy,anorexia,vomit	If you still want to vomit. I can't take medicine anymore! This can only go for injections! Isn't this an allergy?	Are there any other symptoms? Anorexia, nausea, etc.
headache,nausea,stomach ache	Migraines can cause nausea but not abdominal pain.	What are the symptoms of stomach ache? What are you talking about?
chest pain,bloating	Do you mean bloating in the chest? Or does it mean breast tenderness during the holiday?	How long has it been? Have you had a chest pain?
backache,stomachache	Back pain may be caused by involvement pain, and stomach pain may be caused by back pain.	How long has it been? Is there a stomachache?
nausea,fever,vomit,stomach ache	Is there any discomfort such as abdominal pain, nausea, vomiting, fever, etc.?	Are there any symptoms of stomach ache, vomiting, etc.?
perianal pain,stomach ache	Does your stomach hurt after you relieved your bowels?	How long has this been going on? Is the stomach ache?
fever,bloating,vomit	Do you have other symptoms such as bloating, vomiting, fever, etc.?	What are the symptoms of fever, bloating, etc.?
diarrhea,hiccup,vomit,reflux	Are there acid reflux, hiccups, vomiting, constipation, diarrhea?	How many times a day do you have to take a shit? Do you have a stomach swollen?
gastrointestinal disorders,stomach ache	If there is no abdominal pain, some intestinal dysfunction is considered.	What's wrong with your stomach? Is your stomach ache?
nausea,jaundice,fever,vomit	It does not matter if the existing symptoms are gradually relieved without other symptoms, such as itching and yellowing of the skin, nausea and vomiting, fever and other symptoms.	How many times a day do you have to take a shit? Do you have a fever, nausea, vomiting, etc.?
nausea,stomach ache	Is the stool normal? Do you have abdominal pain or nausea?	Are there any symptoms of stomach ache or something?
bloating,indigestion,stomach ache	The lower abdomen pain is considered to be related to your constipation. It is recommended to take lactulose oral liquid for treatment. In addition, the diet should be light and mild, and eat less if it is cold and irritating, spicy and difficult to digest.	What are the symptoms of stomach ache?
lack of energy,bloating,fatigue,dizziness,stomach ache	Do you have abdominal pain or bloating? Does the person feel dizzy, weak, or in a bad spirit?	What's wrong with your stomach? Is there a stomach ache, nausea, vomiting?
anemia,dizziness,fatigue	If you have anemia, you are dizzy, and you have no energy. It is probably caused by this.	What are the symptoms of anemia? Diarrhea?
diarrhea,loose stool,stomach ache	Hi. Diarrhea several times a day in the past two days. Is it the same as stool water? Where does the stomach hurt? Have you seen it anywhere? Do you take medicine?	How many times a day do you have to take a shit? Do you have a stomach ache?
fever,reflux,heartburn,blood in stool,loose stool	Are there acid reflux heartburn? Are there loose stools or pus and blood? Fever?	How many times a day do you have to take a shit? Have you had a fever, abdominal pain, abdominal swelling, etc.?
diarrhea,indigestion	Diarrhea caused by indigestion.	How many times a day do you have to take a shit? Do you have diarrhea?
stuffy nose,fever,stomach ache	Fever, stuffy nose? Is the location of abdominal pain in the county body upper, lower, left, right or around the umbilicus? How is it caused? Do you want to eat cold food?	How long has it been? Is there a stomach ache, a shit?
bloating,diarrhea,fever,stomachache	Do you have stomachache and bloating? Whether there is fever or diarrhea.	What are the symptoms of bloating? Diarrhea, stomachache, etc.
nausea,fever	Do you have fever, nausea, or vomiting?	What's wrong with it? Is it nausea, vomiting?
edema	It is recommended to take montmorillonite powder to relieve diarrhea, Changyanning to relieve intestinal edema, and Bacillus licheniformis to regulate intestinal flora.	What's the cause of the edema?
fever,bacterial infections	Bacterial infection in milk may cause fever.	What's wrong with it? There's no bacterial infection.
chest pain,stomach ache	Hepatitis B does not cause chest pain. Is it pain under the right ribs?	Are there any other symptoms of stomach pain?
diarrhea,reflux,hiccup,vomit,heartburn,stomach ache	Abdominal pain, diarrhea, vomiting, heartburn, belching, acid reflux?	How long has it been? Is there a stomach ache, a gastric worm?
gastrointestinal disorders,allergy,bowel	Hello, considering your symptoms, functional gastrointestinal disease (also called gastrointestinal dysfunction) is currently considered. There are many nerve endings and endocrine cells in the gastrointestinal tract. If your nerves and endocrine cells are more sensitive, they will respond to mild stimuli in the environment and cause gastrointestinal dysfunction. Therefore, gastrointestinal dysfunction is closely related to mental state, mental state, eating habits and sleep. It is recommended that you mainly improve the disease through diet and lifestyle adjustments: 1. Regular and restrained diet regularly and quantitatively and chewing slowly is conducive to intestinal digestion and absorption, and avoid overeating; 2. Avoid irritating diets that are suspicious. Tolerate or allergic foods, such as shrimp, crabs, etc. try not to eat, spicy, frozen, raw and cold foods, supper, tobacco, alcohol, and coffee should be contraindicated; 3. Avoid high-fat diets that are light, easy to digest, and less greasy. High-fat diet can cause abnormal digestive function. Therefore, it is necessary to limit the intake of fat, especially the intake of animal fat; try not to eat fried food, chocolate, ice cream, cream, etc. Take it for 2 weeks to see the effect. If it is effective, take it for another 2-4 weeks. Stop the drug after the symptoms are basically improved; if the effect is not good, please promptly perform gastrointestinal endoscopy and abdominal ultrasound to confirm the diagnosis before targeted treatment. The specific medications are: 1. Kayaking capsules, 2 capsules once, 3 times a day; 2. Trimebutine male ate tablets, 2 tablets once, 3 times a day, taken with meals. Hopefully my answer is helpful to you! healthy and happy!	What's wrong with the gastrointestinal disorders? Are there any other symptoms?
bloating,heartburn	Hello, have you ever taken medicine or checked during this period. Is it bloating, heartburn?	What are the symptoms of bloating? Have you had a fever?
bloating,reflux,hiccup,heartburn,stomach ache	Are there any other symptoms besides acid reflux water? Such as heartburn, belching, abdominal pain, bloating? Is the stool normal?	What's the cause of the stomach ache? Is the shit normal?
hematemesis,fever	If you vomit blood, you must be hospitalized immediately! If you have a fever again, you may be infected. Go to the hospital and don’t delay.	How long has it been? Have you ever had a fever, a stomach disease?
hard to swallow	Is the infarction tired of eating? Can't swallow.	How long has this been going on? How many times a day does it take to eat?
bloating,reflux,hiccup,vomit,nausea	Hmm, nausea, vomiting, acid reflux, hiccups and bloating?	What are the symptoms of bloating, hiccup, vomiting, etc.?
indigestion,bloating,vomit	Then don't worry, as long as you don't cause gastrointestinal mucosal damage or even bleeding after drinking too much, you don't have to worry about it. Sleep will be better tomorrow. Stomach bloating and vomiting are caused by drinking too much alcohol.	What's the cause of the indigestion?
bacterial infections,vomit	This is for the pain caused by bacterial infection, but indoor cannot be taken, but you can use it for local disinfection, and then spit it out will not have any effect on your health, because I have tried it myself. Don’t take indoor. Too much, don't get too wet.	What are the symptoms of bacterial infections?
restless,gastrointestinal discomfort	Well, based on the analysis of the symptoms you described, the gastrointestinal function is not good, how do you sleep well? Is there any discomfort such as anxiety?	How long has this been going on? Are you sick of your stomach?
bloating,exhaust,stomach ache	Do you fart too much? Do you have abdominal pain and bloating?	What's the cause of the stomach ache? Is it bloating?
nausea,hiccup,heartburn,reflux	There is no need to eat so much, do you have symptoms such as acid reflux, heartburn, hiccups and nausea?	What are the symptoms of hiccup fever? Have you ever had a stomach swollen?
gastrointestinal disorders,gastrointestinal discomfort,reflux	The gastrointestinal dysfunction caused by cold, coupled with the previous gastrointestinal dysfunction, there is a bit of reflux symptoms.	What's wrong with your stomach? Is there a stomach problem?
stomachache,reflux	Hello, do you usually have a stomachache? Are there any symptoms of acid reflux?	How long has it been? Have you had a stomachache?
chest pain,fever	Hello, I am glad to answer it for you. Do you have fever and chest pain?	How long has it been? Have you had a chest pain?
